PhotoRes,MQ2,MQ7,T,H
765,385,440,23.30,87.00
769,382,439,23.30,88.00
766,378,435,23.30,87.00
770,377,434,23.20,87.00
761,377,432,23.20,87.00
1023,376,431,23.20,88.00
766,379,431,23.20,87.00
770,387,433,23.20,87.00
763,388,431,23.30,88.00
762,388,431,23.30,87.00
1008,390,431,23.30,87.00
1000,386,427,23.30,87.00
1006,383,424,23.30,85.00
1003,388,426,23.30,86.00
1006,390,426,23.20,87.00
1001,393,426,23.10,87.00
1007,396,426,23.10,87.00
1010,397,426,23.10,88.00
1003,397,426,23.10,88.00
999,397,423,23.00,88.00
1006,397,425,23.00,88.00
1002,399,424,23.00,88.00
1003,397,423,23.00,88.00
1000,398,423,23.00,88.00
1008,402,423,23.00,88.00
1004,401,422,22.90,89.00
1004,397,421,23.00,89.00
1006,396,420,22.90,89.00
1006,401,421,22.90,89.00
1006,403,420,22.90,89.00
1005,402,421,22.90,89.00
999,401,422,22.90,89.00
1002,400,418,22.80,89.00
1005,401,416,22.90,89.00
1004,402,418,22.80,89.00
1000,404,418,22.80,89.00
1003,401,418,22.80,89.00
1003,398,415,22.90,89.00
1003,396,414,22.90,89.00
1009,395,413,22.90,89.00
999,395,413,22.80,89.00
1009,399,413,22.90,89.00
1001,401,414,22.80,89.00
1001,398,413,22.90,89.00
1008,397,412,22.90,89.00
1006,395,411,22.80,89.00
1006,398,411,22.80,89.00
1007,401,412,22.90,89.00
1004,401,411,22.80,89.00
1007,400,411,22.80,89.00
1010,401,411,22.80,89.00
1004,393,409,22.80,89.00
1002,384,404,22.80,89.00
1011,394,405,22.80,88.00
1001,397,404,22.80,89.00
1003,399,405,22.80,89.00
1008,398,407,22.80,89.00
1007,400,408,22.80,89.00
1010,396,407,22.70,89.00
999,396,405,22.80,89.00
1002,390,403,22.80,89.00
1003,389,400,22.80,88.00
998,394,400,22.70,89.00
1004,397,401,22.70,89.00
1004,405,403,22.70,89.00
1004,406,407,22.70,89.00
1005,404,406,22.70,89.00
1000,403,405,22.70,89.00
1005,396,403,22.70,89.00
998,403,406,22.70,89.00
1007,409,406,22.70,89.00
1002,408,405,22.70,89.00
1007,398,405,22.70,89.00
1003,407,405,22.70,88.00
1010,400,403,22.70,89.00
1000,391,400,22.60,88.00
1014,376,393,22.70,88.00
1001,392,392,22.50,88.00
1000,400,400,22.70,89.00
1007,403,399,22.60,89.00
1001,405,400,22.60,89.00
995,404,400,22.60,89.00
1001,406,402,22.60,89.00
1005,392,398,22.60,89.00
1001,397,397,22.50,88.00
1000,406,400,22.60,89.00
1005,412,401,22.60,89.00
1004,414,403,22.50,89.00
1005,414,403,22.60,89.00
997,415,403,22.50,90.00
1009,405,400,22.50,89.00
1000,414,401,22.50,89.00
1007,414,401,22.60,90.00
1010,410,403,22.60,89.00
1005,401,399,22.50,89.00
1006,378,391,22.60,88.00
1007,391,392,22.50,88.00
998,389,392,22.40,89.00
1001,378,390,22.40,88.00
1007,403,395,22.40,89.00
1006,408,396,22.50,90.00
1001,405,396,22.40,90.00
1004,409,397,22.50,89.00
1007,412,398,22.50,90.00
1004,414,398,22.50,90.00
1000,413,398,22.50,90.00
1008,412,398,22.50,90.00
1005,410,397,22.50,89.00
991,410,397,22.50,89.00
1001,408,397,22.50,90.00
1001,411,397,22.50,90.00
1000,408,397,22.50,90.00
1012,412,397,22.60,89.00
1000,415,397,22.60,89.00
999,411,397,22.60,89.00
1003,413,397,22.60,89.00
1001,411,398,22.60,89.00
1011,407,395,22.60,89.00
1000,400,392,22.60,89.00
1000,401,391,22.70,89.00
1000,398,390,22.70,89.00
1001,401,390,22.60,89.00
1007,400,391,22.60,89.00
1001,397,389,22.70,89.00
1002,398,389,22.70,88.00
1008,399,389,22.70,88.00
1005,399,388,22.60,88.00
1004,406,389,22.80,88.00
1008,402,389,22.80,88.00
1006,400,387,22.80,88.00
1003,402,387,22.80,88.00
999,401,387,22.80,88.00
1005,402,387,22.70,88.00
1003,406,388,22.80,88.00
1005,406,389,22.80,88.00
1001,407,388,22.70,88.00
1007,408,388,22.80,88.00
1004,402,386,22.80,88.00
1004,402,386,22.80,88.00
1001,401,385,22.70,88.00
1007,403,386,22.70,88.00
1000,412,388,22.70,88.00
1003,417,390,22.70,88.00
998,419,392,22.70,88.00
1002,420,393,22.70,88.00
1005,420,394,22.80,88.00
1007,419,393,22.70,88.00
1004,417,392,22.70,88.00
1000,418,392,22.80,88.00
1002,421,393,22.80,88.00
1005,421,393,22.70,88.00
1007,426,393,22.70,88.00
1002,423,393,22.80,88.00
1002,418,392,22.80,88.00
1004,420,391,22.70,88.00
1013,419,391,22.70,88.00
997,414,389,22.70,88.00
1005,421,390,22.70,88.00
1003,414,388,22.80,88.00
996,417,390,22.70,88.00
1002,417,388,22.70,88.00
1006,417,388,22.70,88.00
1006,418,388,22.80,88.00
1005,421,389,22.70,88.00
1008,417,388,22.70,88.00
1006,416,387,22.70,88.00
999,412,386,22.70,88.00
1002,409,384,22.70,88.00
998,411,385,22.70,88.00
999,412,384,22.80,88.00
1000,412,384,22.80,88.00
1009,415,385,22.70,88.00
1009,418,385,22.70,88.00
1004,418,385,22.70,88.00
1005,416,385,22.70,88.00
1006,414,384,22.80,88.00
1006,414,382,22.70,88.00
1003,415,383,22.70,88.00
1003,413,382,22.70,88.00
998,414,383,22.70,88.00
1012,412,381,22.80,88.00
1006,413,381,22.70,88.00
1004,410,381,22.70,88.00
1005,407,382,22.80,88.00
1006,403,378,22.80,88.00
997,398,377,22.70,88.00
1006,404,377,22.80,87.00
1005,403,376,22.80,88.00
1000,402,376,22.80,88.00
999,401,375,22.90,87.00
1005,403,375,22.90,87.00
1006,408,375,22.80,87.00
1005,412,377,22.70,88.00
1005,409,377,22.70,88.00
1000,412,376,22.70,88.00
1001,411,377,22.70,88.00
1009,412,377,22.70,88.00
1002,411,376,22.80,88.00
1002,416,378,22.70,88.00
1007,414,377,22.70,88.00
999,413,377,22.70,88.00
1012,410,375,22.70,88.00
1003,412,376,22.70,88.00
1005,412,376,22.70,88.00
1007,409,375,22.70,88.00
1012,403,373,22.70,88.00
1018,404,371,22.70,88.00
1023,402,370,22.70,88.00
1023,397,368,22.80,88.00
1022,394,367,22.90,87.00
1023,392,367,22.90,87.00
1023,389,366,22.90,87.00
1023,390,364,22.90,87.00
1023,389,363,22.90,86.00
1022,387,362,22.90,86.00
1023,388,362,22.90,86.00
1023,387,363,22.90,86.00
1023,387,361,22.90,86.00
1023,386,361,22.90,86.00
1023,385,362,22.90,86.00
1023,384,362,22.90,86.00
1023,384,361,22.90,86.00
1023,384,361,23.00,86.00
1023,383,361,22.90,86.00
1023,382,360,22.90,86.00
1023,383,361,22.90,86.00
1022,382,358,22.90,86.00
1023,380,357,22.90,86.00
1023,381,357,22.90,86.00
1023,381,357,22.90,86.00
1020,382,357,22.90,86.00
1023,375,356,22.90,86.00
1023,378,356,22.90,84.00
1023,380,355,22.90,85.00
1023,382,355,22.90,86.00
1019,377,355,22.90,86.00
1023,378,356,22.90,85.00
1023,379,358,22.90,86.00
1023,378,359,22.90,86.00
1023,379,357,22.90,86.00
1022,378,357,22.90,86.00
1023,379,356,23.00,86.00
1023,376,356,22.90,86.00
1021,375,355,23.00,85.00
1023,374,355,23.00,85.00
1023,374,355,23.00,85.00
1020,375,354,22.90,85.00
1023,373,354,22.90,85.00
1023,375,353,22.90,85.00
1019,372,353,22.90,85.00
1023,374,353,22.90,85.00
1023,374,352,23.00,85.00
1019,372,352,22.90,85.00
1021,373,352,23.00,85.00
1023,373,351,23.00,85.00
1020,371,351,22.90,85.00
1023,373,351,22.90,85.00
1023,371,350,22.90,85.00
1023,371,350,22.90,85.00
1018,371,350,22.90,85.00
1019,371,350,22.90,85.00
1023,372,350,23.00,85.00
1023,371,349,22.90,85.00
1023,371,349,22.90,85.00
1023,371,348,22.90,85.00
1023,372,348,22.90,85.00
1023,373,347,22.90,85.00
1023,371,348,23.00,85.00
1023,366,347,22.90,85.00
1023,368,348,22.90,84.00
1023,371,347,22.90,85.00
1023,369,349,22.90,85.00
1023,369,349,22.80,85.00
1023,370,348,22.80,85.00
1020,368,347,22.90,85.00
1023,368,349,22.90,85.00
1023,367,347,22.90,85.00
1023,367,346,22.90,85.00
1023,365,346,22.90,85.00
1023,364,346,22.90,85.00
1023,364,346,22.90,85.00
1023,364,346,22.90,85.00
1023,366,346,22.90,85.00
1021,362,344,22.90,85.00
1022,362,344,22.90,85.00
1023,362,344,23.00,85.00
1023,363,343,22.90,85.00
1021,364,344,23.00,84.00
1023,362,343,22.90,84.00
1023,360,343,22.90,85.00
1023,361,344,22.90,85.00
1023,362,343,22.90,84.00
1022,360,343,22.90,85.00
1023,361,341,23.00,84.00
1023,362,340,22.90,84.00
1021,361,342,22.90,84.00
1023,360,342,22.90,84.00
1023,360,341,22.90,84.00
1019,359,341,22.90,84.00
1023,361,341,22.90,84.00
1021,360,338,22.90,84.00
1023,358,340,22.90,84.00
1021,359,341,22.90,85.00
1023,359,340,22.90,84.00
1017,359,340,22.90,84.00
1022,362,340,22.90,84.00
1023,361,338,22.90,85.00
1020,362,339,22.90,85.00
1023,362,338,22.90,85.00
1022,361,338,22.90,85.00
1022,362,338,22.90,85.00
1023,361,339,22.90,85.00
1023,361,337,22.90,85.00
1023,362,337,22.90,85.00
1023,360,337,22.90,85.00
1021,360,340,22.90,85.00
1023,362,339,22.90,85.00
1019,360,338,22.90,85.00
1023,361,337,22.90,85.00
1023,361,337,22.90,85.00
1023,355,335,22.90,85.00
1023,360,336,22.90,83.00
1023,361,336,22.90,85.00
1022,360,336,22.90,85.00
1022,362,336,22.90,85.00
1023,363,337,22.90,85.00
1023,360,337,22.90,85.00
1023,362,337,22.90,85.00
1021,360,338,22.90,85.00
1018,361,336,22.90,84.00
1023,357,335,22.90,84.00
1022,356,335,22.80,84.00
1022,360,335,22.80,85.00
1023,351,334,22.70,85.00
1023,358,335,22.80,83.00
1021,355,335,22.60,85.00
1021,357,335,22.70,85.00
1023,355,338,22.70,85.00
1023,357,335,22.70,85.00
1023,354,334,22.70,85.00
1023,356,334,22.70,84.00
1023,348,331,22.80,85.00
1023,351,333,22.60,84.00
1023,350,331,22.60,84.00
1023,354,332,22.50,85.00
1023,354,332,22.50,86.00
1019,359,332,22.50,86.00
1019,356,333,22.60,86.00
1019,356,332,22.60,86.00
1023,355,333,22.70,85.00
1023,355,333,22.80,85.00
1023,355,331,22.70,85.00
1023,354,332,22.80,85.00
1020,355,331,22.80,85.00
1023,353,331,22.90,85.00
1023,350,330,22.80,85.00
1023,353,330,22.80,84.00
1023,355,330,22.80,85.00
1023,355,330,22.70,85.00
1023,354,332,22.80,85.00
1022,355,330,22.80,85.00
1023,354,332,22.80,85.00
1022,354,330,22.80,85.00
1021,356,331,22.80,85.00
1020,353,330,22.80,85.00
1023,348,327,22.80,84.00
1023,341,327,22.70,84.00
1023,351,328,22.50,82.00
1023,356,329,22.40,86.00
1020,351,328,22.40,86.00
1019,347,327,22.30,86.00
1023,353,329,22.40,85.00
1023,349,328,22.40,86.00
1022,353,329,22.40,85.00
1020,350,328,22.40,86.00
1023,344,326,22.40,83.00
1023,355,328,22.40,83.00
1023,356,328,22.20,87.00
1015,343,325,22.20,86.00
1023,347,325,22.20,85.00
1023,358,328,22.00,85.00
1019,349,325,22.00,88.00
1023,351,326,22.00,86.00
1023,357,326,22.00,86.00
1023,355,327,22.00,88.00
1023,360,328,22.00,88.00
1023,357,328,22.10,88.00
1020,352,327,22.20,88.00
1023,355,327,22.30,85.00
1023,356,328,22.30,87.00
1023,356,328,22.40,87.00
1023,354,326,22.40,87.00
1021,357,328,22.40,86.00
1022,341,326,22.40,86.00
1023,348,326,22.40,83.00
1023,356,327,22.20,86.00
1023,354,327,22.10,88.00
1023,353,325,22.10,88.00
1023,355,327,22.20,87.00
1021,354,327,22.30,87.00
1023,356,327,22.40,87.00
1020,355,327,22.40,86.00
1022,354,326,22.40,86.00
1023,355,325,22.50,86.00
1021,352,326,22.60,86.00
1023,355,326,22.60,85.00
1022,346,324,22.70,86.00
1023,352,325,22.70,83.00
1018,355,325,22.60,85.00
1023,354,326,22.50,86.00
1022,354,326,22.60,85.00
1023,354,325,22.70,86.00
1023,355,326,22.70,85.00
1021,356,325,22.70,85.00
1023,353,324,22.70,85.00
1023,355,324,22.80,85.00
1023,349,323,22.70,85.00
1023,354,323,22.80,84.00
1023,354,324,22.80,85.00
1023,356,324,22.70,85.00
1023,355,324,22.80,85.00
1023,356,324,22.80,85.00
1023,357,325,22.80,85.00
1023,350,324,22.80,85.00
1023,355,324,22.70,84.00
1023,355,325,22.70,85.00
1022,353,324,22.70,85.00
1021,354,322,22.70,83.00
1019,356,323,22.60,85.00
1023,355,323,22.50,85.00
1023,355,324,22.60,86.00
1017,353,325,22.60,86.00
1019,346,322,22.60,85.00
1022,342,321,22.60,82.00
1022,349,322,22.40,83.00
1023,348,322,22.20,87.00
1023,344,324,22.20,85.00
1023,340,321,22.10,85.00
1023,351,322,21.90,85.00
1023,350,323,21.90,86.00
1023,350,323,21.80,87.00
1023,350,323,21.90,87.00
1023,353,324,21.90,85.00
1016,354,324,21.90,87.00
1023,355,324,22.00,88.00
1023,351,323,22.10,88.00
1022,350,324,22.20,86.00
1023,347,322,22.20,86.00
1023,351,323,22.30,85.00
1023,353,323,22.30,86.00
1023,348,322,22.30,87.00
1023,349,322,22.20,86.00
1023,356,322,22.10,87.00
1023,356,324,22.10,88.00
1023,351,323,22.10,88.00
1021,352,322,22.20,85.00
1023,353,322,22.10,88.00
1023,356,323,22.10,87.00
1023,350,321,22.20,87.00
1023,346,322,22.20,86.00
1023,344,320,22.10,86.00
1023,345,322,21.90,84.00
1023,350,321,21.90,85.00
1023,348,321,21.90,87.00
1023,349,322,21.90,85.00
1022,353,322,21.80,88.00
1023,354,323,21.90,88.00
1023,350,323,21.90,87.00
1023,348,323,22.10,87.00
1023,341,321,22.10,87.00
1023,348,322,21.90,85.00
1022,339,320,21.90,86.00
1018,349,321,21.90,85.00
1023,348,320,21.80,88.00
1023,346,320,21.80,86.00
1023,338,319,21.70,87.00
1021,350,320,21.60,85.00
1023,351,321,21.50,88.00
1023,354,322,21.60,89.00
1023,350,321,21.70,89.00
1023,341,320,21.80,87.00
1023,351,322,21.70,86.00
1021,339,320,21.70,87.00
1022,345,320,21.60,85.00
1019,349,320,21.50,89.00
1016,351,321,21.50,89.00
1023,348,320,21.60,88.00
1023,350,321,21.70,87.00
1023,349,321,21.80,88.00
1023,351,321,21.90,87.00
1022,350,322,21.90,86.00
1023,349,320,22.00,88.00
1023,351,319,21.90,86.00
1023,341,317,21.90,88.00
1023,342,317,21.80,84.00
1023,346,318,21.60,85.00
1020,350,319,21.50,88.00
1021,338,317,21.60,89.00
1021,338,317,21.50,86.00
1023,344,318,21.40,89.00
1020,343,318,21.40,87.00
1018,350,320,21.40,87.00
1023,352,319,21.50,89.00
1023,353,321,21.50,89.00
1023,352,320,21.70,89.00
1020,347,319,21.80,88.00
1023,343,319,21.90,87.00
1023,343,317,21.80,86.00
1023,353,319,21.80,86.00
1023,349,318,21.80,89.00
1023,353,319,21.80,88.00
1021,353,319,21.90,88.00
1023,349,321,22.00,88.00
1020,347,318,22.10,87.00
1023,347,317,22.20,87.00
1023,348,318,22.10,86.00
1022,345,317,22.10,86.00
1023,349,317,22.10,86.00
1022,345,316,22.10,87.00
1023,349,319,22.20,85.00
1022,345,316,22.10,87.00
1023,351,317,22.00,87.00
1020,346,316,22.10,87.00
1023,344,316,22.20,85.00
1023,342,316,22.10,85.00
1022,349,317,22.00,85.00
1022,341,315,22.00,88.00
1023,336,314,22.00,86.00
1023,342,314,21.90,84.00
1023,342,314,21.70,86.00
1023,341,315,21.70,86.00
1023,342,316,21.60,86.00
1020,351,316,21.50,88.00
1023,352,317,21.60,89.00
1022,349,317,21.70,89.00
1019,349,316,21.90,88.00
1022,350,317,22.00,88.00
1019,351,316,22.00,88.00
1023,350,316,22.20,87.00
1023,348,316,22.20,87.00
1023,343,315,22.30,86.00
1023,348,315,22.40,85.00
1020,347,316,22.30,86.00
1023,340,313,22.30,86.00
1021,341,313,22.30,83.00
1023,348,314,22.10,86.00
1021,350,315,22.20,88.00
1022,344,313,22.20,87.00
1023,342,314,22.20,86.00
1023,348,315,22.00,86.00
1023,341,314,22.00,88.00
1023,352,316,21.90,85.00
1023,350,315,21.90,88.00
1019,343,315,21.90,87.00
1023,346,315,21.90,85.00
1023,348,316,21.90,86.00
1023,348,316,21.90,86.00
1023,335,313,21.90,87.00
1021,337,313,21.60,85.00
1023,347,314,21.40,86.00
1023,339,314,21.30,90.00
1023,342,314,21.20,88.00
1023,349,318,21.30,89.00
1023,352,316,21.40,91.00
1023,354,316,21.40,90.00
1023,350,316,21.60,89.00
1022,349,316,21.70,89.00
1020,349,315,21.80,88.00
1023,345,316,21.90,88.00
1023,349,315,21.90,87.00
1022,348,315,21.90,87.00
1023,353,315,22.00,87.00
1021,350,314,22.00,88.00
1023,347,314,22.00,87.00
1023,349,313,22.20,86.00
1017,342,313,22.00,88.00
1023,350,315,21.90,86.00
1017,348,314,21.90,88.00
1021,343,313,22.00,87.00
1023,345,314,22.00,86.00
1017,347,314,21.90,86.00
1023,350,315,21.90,87.00
1023,339,312,22.00,88.00
1023,341,313,22.00,85.00
1023,343,314,21.90,85.00
1023,336,312,21.80,86.00
1022,342,313,21.70,85.00
1023,332,311,21.60,87.00
1023,336,311,21.40,86.00
1020,344,313,21.20,88.00
1023,346,314,21.20,91.00
1023,341,314,21.40,88.00
1019,341,312,21.20,87.00
1021,350,314,21.20,88.00
1023,351,315,21.20,90.00
1023,354,316,21.30,91.00
1023,352,316,21.40,90.00
1018,351,316,21.60,89.00
1023,344,315,21.70,87.00
1022,349,316,21.70,86.00
1023,348,316,21.60,88.00
1023,344,316,21.60,88.00
1023,355,316,21.60,87.00
1023,353,317,21.60,89.00
1022,354,316,21.70,88.00
1023,355,316,21.70,89.00
1023,347,314,21.70,89.00
1023,349,315,21.80,87.00
1021,348,315,21.90,87.00
1023,348,315,21.90,85.00
1023,352,315,21.90,87.00
1023,351,316,21.80,88.00
1023,343,314,21.80,88.00
1023,344,314,21.70,86.00
1020,343,312,21.70,88.00
1022,350,315,21.60,86.00
1022,350,318,21.40,87.00
1019,366,321,21.40,88.00
1016,346,317,21.30,90.00
1020,349,320,21.40,87.00
1023,360,321,21.20,88.00
1021,366,323,21.10,90.00
1020,367,321,21.10,91.00
1022,371,324,21.20,91.00
1023,361,323,21.40,91.00
1022,367,325,21.40,89.00
1020,364,323,21.40,90.00
1020,366,323,21.50,89.00
1023,367,322,21.60,89.00
1021,358,320,21.60,89.00
1023,356,320,21.60,88.00
1023,344,317,21.60,88.00
1021,357,320,21.50,87.00
1014,356,318,21.40,89.00
1023,365,320,21.40,89.00
1023,362,321,21.60,89.00
1023,343,316,21.60,88.00
1023,339,316,21.60,86.00
1023,359,318,21.40,87.00
1023,350,317,21.30,89.00
1021,353,316,21.20,90.00
1022,343,315,21.30,89.00
1023,353,316,21.20,88.00
1023,346,316,21.00,91.00
1023,355,317,21.00,90.00
1021,355,317,21.10,90.00
1023,353,317,21.20,91.00
1022,347,317,21.30,89.00
1020,359,319,21.30,89.00
1018,362,319,21.30,91.00
1020,354,317,21.40,90.00
1023,342,314,21.40,88.00
1022,348,315,21.40,87.00
1023,338,313,21.10,90.00
1019,332,310,21.10,89.00
1023,348,314,20.90,88.00
1023,354,315,20.80,91.00
1023,355,314,20.80,92.00
1023,350,313,21.00,92.00
1023,357,316,21.30,89.00
1023,349,315,21.30,91.00
1023,350,315,21.40,88.00
1023,342,312,21.40,89.00
1023,348,315,21.40,88.00
1023,351,315,21.30,90.00
1023,356,316,21.30,91.00
1023,351,316,21.30,91.00
1023,356,316,21.40,89.00
1022,360,317,21.40,90.00
1023,353,315,21.40,91.00
1023,357,316,21.50,89.00
1020,352,315,21.60,89.00
1023,352,314,21.60,88.00
1023,351,314,21.60,89.00
1021,346,313,21.60,89.00
1023,351,314,21.50,89.00
1023,349,314,21.50,89.00
1017,354,316,21.50,89.00
1023,350,313,21.50,89.00
1023,340,311,21.50,89.00
1023,336,309,21.50,87.00
1023,342,310,21.30,88.00
1023,342,311,21.10,90.00
1023,349,313,21.10,90.00
1022,347,312,21.10,91.00
1023,352,312,21.20,90.00
1023,354,313,21.30,91.00
1023,353,313,21.30,91.00
1023,351,312,21.40,89.00
1021,348,313,21.50,90.00
1022,349,312,21.50,89.00
1023,346,312,21.60,88.00
1023,348,312,21.50,88.00
1021,353,313,21.40,89.00
1023,353,312,21.50,89.00
1023,355,313,21.60,89.00
1018,356,312,21.70,89.00
1023,353,312,21.80,89.00
1021,339,309,21.90,88.00
1021,334,307,22.00,86.00
1023,336,308,21.60,86.00
1023,351,310,21.50,88.00
1023,344,309,21.50,90.00
1020,340,309,21.50,87.00
1020,337,307,21.50,88.00
1023,338,307,21.40,88.00
1023,331,305,21.30,88.00
1023,327,304,21.10,88.00
1023,325,304,20.80,89.00
1023,325,303,20.60,90.00
1023,326,303,20.40,91.00
1023,335,306,20.20,92.00
1018,327,304,20.20,93.00
1023,325,305,20.30,92.00
1023,322,303,20.20,92.00
1023,322,304,20.00,93.00
1023,321,303,19.90,93.00
1019,339,307,19.90,93.00
1023,330,305,20.00,93.00
1023,324,304,20.10,93.00
1023,324,304,20.10,93.00
1016,331,307,19.90,93.00
1020,327,305,19.90,93.00
1023,336,307,20.10,93.00
1023,342,309,20.10,93.00
1023,330,306,20.40,93.00
1023,327,305,20.40,91.00
1023,325,304,20.40,91.00
1022,344,308,20.20,92.00
1020,344,309,20.20,93.00
1023,340,308,20.60,93.00
1023,328,305,20.90,91.00
1020,326,305,20.70,89.00
1023,334,305,20.50,90.00
1023,342,308,20.30,92.00
1023,347,308,20.50,93.00
1018,350,309,20.70,93.00
1022,335,306,20.90,92.00
1023,331,305,21.00,89.00
1023,334,306,20.90,89.00
1022,339,306,20.90,89.00
1022,348,308,20.80,91.00
1023,351,308,21.00,93.00
1021,338,306,21.20,92.00
1023,330,304,21.30,88.00
1021,331,304,21.10,88.00
1023,334,306,21.00,89.00
1019,339,307,20.90,90.00
1022,346,308,20.90,91.00
1023,348,309,21.00,93.00
1023,341,307,21.30,92.00
1023,334,305,21.30,88.00
1023,331,304,21.20,88.00
1023,331,305,20.90,88.00
1023,337,308,20.70,90.00
1023,332,306,20.70,91.00
1021,330,304,20.70,89.00
1023,327,303,20.60,90.00
1023,326,302,20.50,90.00
1023,324,302,20.40,90.00
1023,321,301,20.20,90.00
1023,319,301,20.00,91.00
1023,334,304,19.90,91.00
1023,334,305,19.90,93.00
1023,344,308,20.10,93.00
1023,336,306,20.30,93.00
1023,346,309,20.50,91.00
1023,339,307,20.60,93.00
1019,329,304,20.80,90.00
1016,329,303,20.70,89.00
1022,331,305,20.40,90.00
1023,343,306,20.30,91.00
1020,335,306,20.40,93.00
1023,334,306,20.40,90.00
1023,332,305,20.40,91.00
1023,327,303,20.40,90.00
1023,333,308,20.30,90.00
1019,342,311,20.40,91.00
1023,350,309,20.40,93.00
1023,333,305,20.70,93.00
1022,326,305,20.70,88.00
1022,324,304,20.60,88.00
1023,322,303,20.30,89.00
1023,321,302,20.10,90.00
1023,321,301,20.00,90.00
1023,325,305,19.90,91.00
1023,345,307,19.90,93.00
1023,349,309,20.00,93.00
1023,338,306,20.30,93.00
1018,330,303,20.50,90.00
1023,326,302,20.50,89.00
1023,326,302,20.30,89.00
1023,342,304,20.10,91.00
1023,346,307,20.20,93.00
1023,348,307,20.60,93.00
1021,340,307,20.90,92.00
1023,340,307,20.90,89.00
1015,348,308,20.90,89.00
1020,333,306,20.90,91.00
1022,327,303,21.00,88.00
1023,325,303,20.80,87.00
1023,322,302,20.40,88.00
1017,322,302,20.30,89.00
1023,324,302,20.00,89.00
1023,337,306,19.90,92.00
1022,340,306,20.00,93.00
1023,335,305,20.30,93.00
1023,326,302,20.40,89.00
1023,324,301,20.30,87.00
1021,331,304,20.30,89.00
1022,330,303,20.30,90.00
1023,334,304,20.30,90.00
1022,344,306,20.30,91.00
1023,349,308,20.40,93.00
1018,337,307,20.70,93.00
1022,339,304,20.90,88.00
1023,335,306,20.90,87.00
1018,340,306,20.90,89.00
1021,332,303,20.80,90.00
1022,334,304,20.80,86.00
1021,326,303,20.70,89.00
1023,322,301,20.60,87.00
1023,321,300,20.30,87.00
1023,319,299,20.10,88.00
1023,318,299,20.10,87.00
1023,330,304,19.90,88.00
1023,342,305,19.90,93.00
1018,345,305,20.10,93.00
1020,349,307,20.60,93.00
1022,338,305,20.90,92.00
1016,339,306,20.90,88.00
1018,349,308,20.90,88.00
1022,350,307,20.90,91.00
1023,337,304,21.10,91.00
1023,334,304,21.20,85.00
1021,346,306,21.10,87.00
1022,352,307,21.10,91.00
1023,353,308,21.20,91.00
1023,340,305,21.30,90.00
1023,351,307,21.40,86.00
1023,353,308,21.50,90.00
1023,339,304,21.70,89.00
1023,329,301,21.70,83.00
1023,340,304,21.30,83.00
1017,347,305,21.00,89.00
1023,348,306,21.10,91.00
1020,336,302,21.30,90.00
1023,328,299,21.40,83.00
1023,336,302,21.20,82.00
1023,347,303,21.10,88.00
1023,347,304,21.10,90.00
1023,334,302,21.40,89.00
1022,333,301,21.40,83.00
1023,345,303,21.20,86.00
1023,349,307,21.20,90.00
1023,352,305,21.40,90.00
1023,353,306,21.40,89.00
1018,355,306,21.60,89.00
1023,342,304,21.80,88.00
1022,332,301,21.80,81.00
1023,327,301,21.50,80.00
1023,335,301,21.30,82.00
1023,346,304,21.00,87.00
1023,332,302,21.10,90.00
1023,325,298,21.10,83.00
1023,324,298,20.90,82.00
1023,336,301,20.70,82.00
1023,347,303,20.60,89.00
1023,348,304,20.80,91.00
1023,332,301,20.90,90.00
1023,339,302,21.20,82.00
1022,349,304,21.10,88.00
1020,352,304,21.30,90.00
1017,355,306,21.40,89.00
1021,355,306,21.60,88.00
1021,341,303,21.70,87.00
1023,334,304,21.80,81.00
1015,349,305,21.60,80.00
1023,337,303,21.50,87.00
1023,327,300,21.40,80.00
1019,322,298,21.20,80.00
1020,342,302,20.90,81.00
1019,348,303,20.90,89.00
1023,351,304,21.10,90.00
1021,352,305,21.20,90.00
1023,354,305,21.40,89.00
1023,354,305,21.60,88.00
1023,355,308,21.70,87.00
1023,354,306,21.90,87.00
1023,336,301,21.90,86.00
1023,327,298,21.90,77.00
1023,321,296,21.60,76.00
1023,321,294,21.20,78.00
1023,318,293,20.90,78.00
1023,333,298,20.70,80.00
1020,344,300,20.60,87.00
1019,329,298,20.80,90.00
1023,322,295,20.80,80.00
1023,336,299,20.60,80.00
1022,330,298,20.60,89.00
1021,323,296,20.60,82.00
1023,319,295,20.50,81.00
1023,318,294,20.30,82.00
1022,320,293,20.00,82.00
1019,335,298,20.10,84.00
1023,343,300,20.20,92.00
1023,335,300,20.50,91.00
1023,331,302,20.80,88.00
1021,334,302,20.90,84.00
1022,325,297,20.80,83.00
1019,322,296,20.70,80.00
1023,321,296,20.50,81.00
1023,319,295,20.30,81.00
1022,333,298,20.10,82.00
1022,337,300,20.00,90.00
1023,337,301,20.30,91.00
1023,347,302,20.50,88.00
1023,349,303,20.70,91.00
1021,340,300,20.90,90.00
1023,334,299,21.10,83.00
1023,339,301,21.00,83.00
1023,348,303,20.90,86.00
1022,351,304,20.90,89.00
1020,353,305,21.10,90.00
1023,339,302,21.30,88.00
1020,346,303,21.40,80.00
1023,342,303,21.30,87.00
1023,331,300,21.30,83.00
1023,334,299,21.30,81.00
1023,346,302,21.00,84.00
1023,351,303,20.90,88.00
1023,353,304,21.10,89.00
1023,347,303,21.30,88.00
1018,333,299,21.40,83.00
1019,332,299,21.30,79.00
1021,335,299,21.10,84.00
1023,345,303,21.00,82.00
1016,350,305,21.00,88.00
1023,346,303,21.10,89.00
1023,332,298,21.40,83.00
1023,345,303,21.10,78.00
1023,338,301,21.00,87.00
1021,327,297,21.00,82.00
1023,338,300,20.90,78.00
1023,348,302,20.80,87.00
1023,329,297,20.90,89.00
1019,327,295,20.90,79.00
1023,326,295,20.70,81.00
1020,325,295,20.50,81.00
1021,330,298,20.30,82.00
1023,329,297,20.20,86.00
1023,328,298,20.00,83.00
1022,329,297,19.90,86.00
1023,326,296,19.90,85.00
1021,330,297,19.80,84.00
1023,344,300,19.80,88.00
1023,349,301,20.00,92.00
1023,352,304,20.30,91.00
1022,353,304,20.60,91.00
1023,344,303,20.90,90.00
1023,354,305,21.00,87.00
1020,351,306,21.10,89.00
1023,334,301,21.30,86.00
1020,331,298,21.30,78.00
1023,324,296,21.00,79.00
1023,321,293,20.70,77.00
1020,319,292,20.50,79.00
1023,335,297,20.20,81.00
1023,346,299,20.30,89.00
1023,350,301,20.50,89.00
1023,335,298,20.90,88.00
1023,329,296,21.00,81.00
1018,343,300,20.80,79.00
1023,352,302,20.80,87.00
1023,339,299,20.90,89.00
1023,329,297,21.10,81.00
1023,323,294,20.90,77.00
1023,321,293,20.60,78.00
1023,324,294,20.30,79.00
1023,319,294,20.20,83.00
1020,337,297,20.10,79.00
1023,337,298,20.20,89.00
1020,337,299,20.40,86.00
1023,349,301,20.50,86.00
1021,351,302,20.60,89.00
1023,334,297,20.90,87.00
1022,329,297,21.00,79.00
1023,326,295,20.90,81.00
1020,322,293,20.90,78.00
1021,320,292,20.60,78.00
1023,319,293,20.30,78.00
1017,319,289,20.10,79.00
1023,319,291,19.90,81.00
1020,319,292,19.80,81.00
1023,339,297,19.70,82.00
1023,345,299,19.80,91.00
1023,351,300,20.10,91.00
1017,336,298,20.50,90.00
1021,324,294,20.70,81.00
1023,320,293,20.60,78.00
1018,320,292,20.40,78.00
1019,318,292,20.10,79.00
1023,335,296,19.90,82.00
1023,343,298,20.00,88.00
1015,347,300,20.20,89.00
1023,350,301,20.60,89.00
1023,341,298,20.80,88.00
1023,327,295,21.00,81.00
1023,321,292,20.90,76.00
1023,320,293,20.70,77.00
1023,323,292,20.40,78.00
1023,336,296,20.20,82.00
1022,329,295,20.20,85.00
1023,320,293,20.20,82.00
1023,337,297,20.00,81.00
1023,333,296,20.00,89.00
1023,343,298,20.20,82.00
1023,345,299,20.30,88.00
1023,352,301,20.50,88.00
1020,355,303,20.80,87.00
1019,354,303,21.00,88.00
1023,338,298,21.30,86.00
1023,328,295,21.20,77.00
1023,323,292,20.90,77.00
1023,320,291,20.50,76.00
1014,316,290,20.20,78.00
1023,327,294,20.00,78.00
1023,321,291,19.90,82.00
1023,334,294,19.80,80.00
1023,324,292,19.80,87.00
1014,333,297,19.80,81.00
1023,345,298,19.70,87.00
1023,350,300,20.00,90.00
1023,350,300,20.30,89.00
1023,350,301,20.60,88.00
1023,347,301,20.90,86.00
1023,332,296,21.00,86.00
1023,343,300,21.00,79.00
1023,339,299,20.90,85.00
1019,335,297,20.90,80.00
1023,349,300,20.80,82.00
1023,350,300,20.90,86.00
1023,339,298,21.00,87.00
1023,338,299,21.20,79.00
1017,330,296,21.20,84.00
1019,326,294,21.00,79.00
1023,344,298,20.80,79.00
1023,350,300,20.80,86.00
1023,336,295,20.90,86.00
1023,338,299,21.00,79.00
1013,331,297,21.00,80.00
1023,346,299,21.00,84.00
1020,335,296,21.00,86.00
1023,337,296,21.10,77.00
1023,349,298,20.90,82.00
1021,350,300,21.00,86.00
1022,350,300,21.20,85.00
1023,326,294,21.40,83.00
1023,333,296,21.00,74.00
1023,327,292,20.70,81.00
1018,321,291,20.50,75.00
1020,340,297,20.40,78.00
1023,343,297,20.40,86.00
1023,335,296,20.70,85.00
1021,346,298,20.90,79.00
1023,341,297,21.00,85.00
1023,346,299,21.00,82.00
1021,348,299,21.10,85.00
1023,349,300,21.30,84.00
1023,348,298,21.40,83.00
1016,347,300,21.60,82.00
1023,346,300,21.80,81.00
1018,347,298,21.90,80.00
1023,349,300,21.90,80.00
1023,345,299,22.00,81.00
1021,326,293,22.10,76.00
1021,344,297,21.80,74.00
1023,343,297,21.50,82.00
1023,334,295,21.60,77.00
1023,344,297,21.50,79.00
1019,336,294,21.40,82.00
1018,344,297,21.50,75.00
1023,344,299,21.50,81.00
1018,345,298,21.60,81.00
1022,345,298,21.70,80.00
1023,340,296,21.80,80.00
1023,345,298,21.70,79.00
1019,346,298,21.70,80.00
1020,342,297,21.80,80.00
1023,339,296,21.90,75.00
1023,345,298,21.80,80.00
1015,346,297,21.80,80.00
1021,344,298,21.90,79.00
1020,345,298,22.00,80.00
1020,343,297,22.00,80.00
1023,343,297,22.10,79.00
1023,331,292,22.10,79.00
1023,340,295,22.00,72.00
1019,337,295,21.90,79.00
1014,325,290,21.80,78.00
1021,336,293,21.60,72.00
1015,328,291,21.40,78.00
1023,318,288,21.30,74.00
1018,323,289,21.00,73.00
1022,334,294,20.80,74.00
1016,325,288,20.80,82.00
1021,316,286,20.80,74.00
1021,313,284,20.60,73.00
1019,314,285,20.20,75.00
1020,313,285,20.00,76.00
1023,333,290,19.70,79.00
1015,339,292,19.80,86.00
1015,340,293,20.00,86.00
1018,343,295,20.40,84.00
1014,335,293,20.70,84.00
1019,323,289,20.90,75.00
1017,324,289,20.70,73.00
1014,337,292,20.30,77.00
1016,340,294,20.20,83.00
1008,332,292,20.50,84.00
1016,341,294,20.50,79.00
1012,344,296,20.70,83.00
1013,328,292,20.90,83.00
1014,324,290,20.90,75.00
1006,320,289,20.60,76.00
1001,317,285,20.30,74.00
1000,315,288,19.90,75.00
993,312,285,19.80,76.00
1004,327,290,19.70,77.00
989,331,290,19.70,86.00
989,328,289,19.90,86.00
985,319,286,20.10,78.00
982,327,288,20.00,76.00
982,338,291,19.90,83.00
979,342,293,20.10,86.00
969,346,295,20.40,86.00
976,347,296,20.70,84.00
963,331,292,20.90,83.00
945,325,290,20.90,74.00
952,333,293,20.80,76.00
947,342,295,20.70,82.00
940,348,296,20.80,83.00
930,348,296,20.90,83.00
929,350,297,21.00,84.00
918,349,297,21.30,83.00
909,331,293,21.40,82.00
911,325,290,21.30,74.00
891,331,292,21.00,74.00
881,323,289,20.70,80.00
879,336,294,20.50,75.00
862,342,294,20.40,83.00
858,328,291,20.60,84.00
839,319,287,20.70,74.00
834,316,285,20.50,74.00
823,314,285,20.20,74.00
809,314,284,19.90,76.00
805,313,284,19.70,76.00
786,322,286,19.60,77.00
774,337,289,19.50,84.00
763,335,290,19.70,87.00
752,339,292,19.90,83.00
740,338,292,20.30,85.00
729,344,294,20.40,83.00
716,348,295,20.50,85.00
702,327,289,20.70,84.00
690,341,294,20.70,75.00
676,345,295,20.80,83.00
664,341,294,20.90,83.00
654,341,295,21.10,82.00
636,326,289,21.20,80.00
631,323,288,21.00,74.00
624,337,293,20.90,73.00
605,344,294,20.70,82.00
594,345,295,20.90,83.00
582,345,295,21.00,84.00
569,326,290,21.20,82.00
559,341,295,21.10,75.00
544,346,295,21.00,83.00
530,331,290,21.10,83.00
520,335,292,21.20,74.00
512,343,294,21.00,80.00
500,328,289,21.10,83.00
489,335,292,21.00,74.00
481,335,291,20.90,81.00
472,325,289,20.90,76.00
460,341,292,20.90,77.00
454,345,294,20.90,82.00
441,336,291,21.00,83.00
433,326,289,21.20,76.00
422,320,287,21.00,74.00
420,333,292,20.70,73.00
411,342,294,20.40,82.00
396,345,293,20.40,84.00
391,343,294,20.80,83.00
385,347,295,20.90,79.00
378,348,296,21.00,83.00
365,350,296,21.20,83.00
364,350,297,21.30,82.00
350,347,297,21.50,81.00
346,342,296,21.50,80.00
341,343,296,21.60,79.00
337,329,290,21.60,79.00
326,328,291,21.50,72.00
323,327,291,21.30,74.00
317,329,292,20.90,77.00
312,323,288,20.90,79.00
306,321,287,20.70,74.00
300,336,291,20.40,78.00
294,334,290,20.40,84.00
289,337,291,20.60,78.00
289,344,294,20.80,82.00
282,337,293,20.90,82.00
279,327,290,21.10,77.00
266,340,293,21.00,74.00
267,346,293,20.90,81.00
261,344,294,21.00,83.00
258,334,293,21.20,80.00
253,322,289,21.20,77.00
249,319,285,21.00,73.00
244,314,284,20.60,73.00
241,334,289,20.10,74.00
240,339,291,20.20,84.00
234,336,291,20.40,84.00
232,330,290,20.50,80.00
229,338,293,20.70,76.00
227,344,294,20.70,82.00
221,344,294,20.90,82.00
217,348,296,21.00,82.00
215,349,296,21.20,82.00
213,330,290,21.40,81.00
210,322,287,21.40,72.00
209,319,287,21.10,72.00
208,329,290,20.60,72.00
204,339,292,20.30,81.00
201,340,292,20.40,83.00
201,343,293,20.60,82.00
196,344,294,20.90,81.00
195,343,293,21.20,81.00
193,344,295,21.40,80.00
188,343,294,21.60,79.00
187,334,292,21.80,78.00
183,325,289,21.80,71.00
183,338,293,21.40,71.00
184,343,294,21.40,79.00
180,343,294,21.40,79.00
176,342,294,21.50,79.00
176,344,294,21.70,78.00
174,339,293,21.80,78.00
175,340,294,21.90,77.00
168,341,294,21.90,77.00
169,343,294,21.80,77.00
168,342,295,21.90,78.00
166,343,294,21.90,77.00
166,342,293,22.00,77.00
160,334,292,22.20,77.00
164,334,291,22.10,73.00
159,331,289,22.10,76.00
159,339,291,21.90,72.00
160,342,292,21.80,77.00
159,331,291,21.90,77.00
157,330,290,21.80,76.00
155,338,291,21.60,75.00
152,339,292,21.70,78.00
152,329,288,21.70,76.00
151,339,291,21.70,74.00
148,340,291,21.60,78.00
147,341,292,21.70,78.00
147,341,292,21.80,77.00
146,342,292,21.90,77.00
146,339,290,21.90,76.00
146,339,290,22.10,77.00
143,343,291,22.10,76.00
144,341,291,22.20,76.00
142,330,289,22.20,75.00
140,337,291,22.30,71.00
139,338,291,22.10,76.00
139,341,291,22.10,75.00
138,336,290,22.20,76.00
136,338,291,22.10,75.00
137,341,292,22.20,76.00
134,339,291,22.20,75.00
136,338,290,22.20,75.00
135,345,291,22.30,75.00
135,345,293,22.20,72.00
132,343,292,22.10,75.00
131,343,292,22.10,75.00
132,344,292,22.20,75.00
131,345,292,22.20,74.00
131,340,292,22.30,74.00
130,344,293,22.10,68.00
128,348,294,21.90,75.00
129,350,294,22.00,76.00
128,353,295,22.00,75.00
128,355,296,22.10,75.00
127,352,296,22.20,75.00
128,348,295,22.20,71.00
125,343,294,22.10,74.00
126,339,292,21.90,74.00
122,349,297,21.80,71.00
125,353,295,21.80,75.00
126,357,298,21.90,75.00
122,345,294,22.00,75.00
122,354,297,21.90,72.00
120,357,298,21.90,75.00
122,358,298,22.00,75.00
121,359,298,22.10,75.00
121,350,297,22.20,74.00
119,347,295,22.20,71.00
118,354,297,21.90,72.00
119,351,296,21.90,75.00
118,351,296,21.90,72.00
116,355,296,21.90,74.00
118,348,295,21.90,75.00
118,341,294,21.90,73.00
116,352,294,21.90,71.00
115,358,298,21.90,75.00
114,350,295,21.90,75.00
115,358,298,22.10,72.00
115,361,298,22.10,75.00
113,363,299,22.10,75.00
115,365,300,22.20,75.00
115,363,300,22.20,75.00
114,362,299,22.30,74.00
114,363,299,22.30,74.00
113,335,293,22.40,74.00
111,345,293,22.10,67.00
110,354,296,21.90,73.00
109,347,294,21.80,76.00
110,333,291,21.90,71.00
111,352,298,21.70,69.00
108,355,296,21.60,76.00
111,356,297,21.70,76.00
109,357,297,21.90,76.00
109,357,297,21.90,75.00
109,355,297,22.10,75.00
110,353,295,22.10,75.00
109,352,296,22.30,74.00
107,355,295,22.40,74.00
108,353,296,22.40,73.00
106,353,296,22.40,73.00
109,353,296,22.40,73.00
108,353,296,22.50,73.00
106,351,295,22.50,72.00
105,353,298,22.50,72.00
105,351,294,22.50,72.00
104,353,295,22.50,72.00
107,351,295,22.50,72.00
106,354,294,22.50,72.00
106,351,294,22.50,72.00
104,353,294,22.60,72.00
104,351,293,22.50,72.00
103,349,294,22.60,71.00
103,351,293,22.60,72.00
103,351,296,22.60,72.00
104,351,293,22.60,72.00
102,349,293,22.60,72.00
101,338,289,22.60,72.00
102,324,285,22.60,67.00
102,338,288,22.20,66.00
103,346,288,21.90,73.00
101,329,285,21.90,74.00
103,321,284,21.90,67.00
99,341,288,21.40,68.00
102,346,291,21.40,75.00
101,349,291,21.50,76.00
101,335,287,21.60,75.00
101,349,291,21.70,73.00
100,350,292,21.60,76.00
99,344,291,21.80,75.00
100,340,290,21.90,71.00
99,330,287,21.80,68.00
100,335,288,21.50,72.00
98,346,291,21.40,73.00
97,340,290,21.50,76.00
98,343,290,21.60,72.00
100,337,288,21.60,73.00
99,347,292,21.50,74.00
98,350,294,21.60,75.00
98,350,294,21.70,75.00
97,351,294,21.90,74.00
96,351,293,22.10,75.00
99,336,290,22.20,74.00
98,348,292,22.20,70.00
95,350,292,22.20,73.00
98,345,292,22.20,73.00
96,351,292,22.30,73.00
98,352,293,22.30,74.00
98,352,293,22.40,73.00
98,331,288,22.40,73.00
95,320,283,22.30,66.00
96,314,282,21.90,66.00
96,328,284,21.50,67.00
95,343,287,21.30,74.00
95,349,289,21.40,76.00
98,348,289,21.40,76.00
94,349,290,21.70,75.00
95,351,291,21.80,75.00
94,349,292,21.90,74.00
